<?xml version="1.0"?>
<!--
/**
 * BSS Commerce Co.
 *
 * NOTICE OF LICENSE
 *
 * This source file is subject to the EULA
 * that is bundled with this package in the file LICENSE.txt.
 * It is also available through the world-wide-web at this URL:
 * http://bsscommerce.com/Bss-Commerce-License.txt
 *
 * @category   Bss
 * @package    Bss_RefundRequest
 * @author     Extension Team
 * @copyright  Copyright (c) 2017-2018 Bss Commerce Co. ( http://bsscommerce.com )
 * @license    http://bsscommerce.com/Bss-Commerce-License.txt
 */
-->
<config xmlns:xsi="http://www.w3.org/2001/XMLSchema-instance"
        xsi:noNamespaceSchemaLocation="urn:magento:framework:ObjectManager/etc/config.xsd">
    <type name="Magento\Config\Controller\Adminhtml\System\Config\Save">
        <plugin name="Bss_RefundRequest_Plugin_Validate" type="Bss\RefundRequest\Model\Plugin\Validate" />
    </type>
    <virtualType name="BssRefundRequestFilterPool" type="Magento\Framework\View\Element\UiComponent\DataProvider\FilterPool">
        <arguments>
            <argument name="appliers" xsi:type="array">
                <item name="regular" xsi:type="object">Magento\Framework\View\Element\UiComponent\DataProvider\RegularFilter</item>
                <item name="fulltext" xsi:type="object">Magento\Framework\View\Element\UiComponent\DataProvider\FulltextFilter</item>
            </argument>
        </arguments>
    </virtualType>
    <virtualType name="BssRefundRequestDataProvider" type="Magento\Framework\View\Element\UiComponent\DataProvider\DataProvider">
        <arguments>
            <argument name="collection" xsi:type="object" shared="false">Bss\RefundRequest\Model\ResourceModel\Request\Collection</argument>
            <argument name="filterPool" xsi:type="object" shared="false">BssRefundRequestFilterPool</argument>
        </arguments>
    </virtualType>
    <type name="Bss\RefundRequest\Model\ResourceModel\Request\Grid\Collection">
        <arguments>
            <argument name="mainTable" xsi:type="string">bss_refundrequest</argument>
            <argument name="eventPrefix" xsi:type="string">bss_refundrequest_grid_collection</argument>
            <argument name="eventObject" xsi:type="string">refundrequest_grid_collection</argument>
            <argument name="resourceModel" xsi:type="string">Bss\Refundrequest\Model\ResourceModel\Request</argument>
        </arguments>
    </type>
    <type name="Magento\Framework\View\Element\UiComponent\DataProvider\CollectionFactory">
        <arguments>
            <argument name="collections" xsi:type="array">
                <item name="bss_refundrequest_list_data_source" xsi:type="string">Bss\RefundRequest\Model\ResourceModel\Request\Grid\Collection</item>
                <item name="bss_refundrequest_label_data_source" xsi:type="string">Bss\RefundRequest\Model\ResourceModel\Label\Grid\Collection</item>
            </argument>
        </arguments>
    </type>
    <virtualType name="BssRequestLabelFilterPool" type="Magento\Framework\View\Element\UiComponent\DataProvider\FilterPool">
        <arguments>
            <argument name="appliers" xsi:type="array">
                <item name="regular" xsi:type="object">Magento\Framework\View\Element\UiComponent\DataProvider\RegularFilter</item>
                <item name="fulltext" xsi:type="object">Magento\Framework\View\Element\UiComponent\DataProvider\FulltextFilter</item>
            </argument>
        </arguments>
    </virtualType>
    <virtualType name="BssRequestLabelDataProvider" type="Magento\Framework\View\Element\UiComponent\DataProvider\DataProvider">
        <arguments>
            <argument name="collection" xsi:type="object" shared="false">Bss\RefundRequest\Model\ResourceModel\Label\Collection</argument>
            <argument name="filterPool" xsi:type="object" shared="false">BssRequestLabelFilterPool</argument>
        </arguments>
    </virtualType>
    <type name="Bss\RefundRequest\Model\ResourceModel\Label\Grid\Collection">
        <arguments>
            <argument name="mainTable" xsi:type="string">bss_requestlabel</argument>
            <argument name="eventPrefix" xsi:type="string">bss_requestlabel_grid_collection</argument>
            <argument name="eventObject" xsi:type="string">requestlabel_grid_collection</argument>
            <argument name="resourceModel" xsi:type="string">Bss\Refundrequest\Model\ResourceModel\Label</argument>
        </arguments>
    </type>
     <preference for="Bss\RefundRequest\Api\RefundInterface" type="Bss\RefundRequest\Model\RefundApiModel" />
</config>
