<?xml version="1.0" encoding="UTF-8"?>
<!--
/**
 * BSS Commerce Co.
 *
 * NOTICE OF LICENSE
 *
 * This source file is subject to the EULA
 * that is bundled with this package in the file LICENSE.txt.
 * It is also available through the world-wide-web at this URL:
 * http://bsscommerce.com/Bss-Commerce-License.txt
 *
 * @category   BSS
 * @package    Bss_RefundRequest
 * @author     Extension Team
 * @copyright  Copyright (c) 2017-2018 BSS Commerce Co. ( http://bsscommerce.com )
 * @license    http://bsscommerce.com/Bss-Commerce-License.txt
 */
-->
<config xmlns:xsi="http://www.w3.org/2001/XMLSchema-instance" xsi:noNamespaceSchemaLocation="urn:magento:module:Magento_Config:etc/system_file.xsd">
    <system>
        <tab id="bss" translate="label" sortOrder="300">
            <label><![CDATA[Bss Commerce]]></label>
        </tab>
        <section id="bss_refundrequest" translate="label" sortOrder="1" showInDefault="1" showInWebsite="1" showInStore="1">
            <class>separator-top</class>
            <label>Refund Request by Customer</label>
            <tab>bss</tab>
            <resource>Bss_RefundRequest::refundrequest_config</resource>
            <group id="bss_refundrequest_general" translate="label" type="text" sortOrder="1" showInDefault="1" showInWebsite="1" showInStore="1">
                <label>General Configuration</label>
                <field id="enable" translate="label" type="select" sortOrder="5" showInDefault="1" showInWebsite="1" showInStore="1">
                    <label>Enabled</label>
                    <source_model>Magento\Config\Model\Config\Source\Yesno</source_model>
                    <comment><![CDATA[Version 1.0.7]]></comment>
                </field>
                <field id="canrefund" translate="label comment" type="multiselect" sortOrder="10" showInDefault="1" showInWebsite="1" showInStore="1">
                    <label>Apply Refund Request for Orders</label>
                    <source_model>\Bss\RefundRequest\Model\Attribute\Source\RefundOrder</source_model>
                </field>
            </group>
            <group id="bss_refundrequest_config" translate="label" type="text" sortOrder="1" showInDefault="1" showInWebsite="1" showInStore="1">
                <label>Refund Request Popup</label>
                <field id="popup_title" translate="label" type="text" sortOrder="10" showInDefault="1" showInWebsite="1" showInStore="1">
                    <label>Popup Title</label>
                    <comment><![CDATA[Fill in the name of the Refund Request popup]]></comment>
                </field>
                <field id="popup_description" translate="label" type="textarea" sortOrder="15" showInDefault="1" showInWebsite="1" showInStore="1">
                    <label>Popup Description</label>
                    <comment><![CDATA[Fill in the description of the Refund Request popup placed under the popup title.]]></comment>
                </field>
                <field id="enable_dropdown" translate="label" type="select" sortOrder="20" showInDefault="1" showInWebsite="1" showInStore="1">
                    <label>Enable Dropdown Field</label>
                    <source_model>Magento\Config\Model\Config\Source\Yesno</source_model>
                </field>
                <field id="dropdown_title" translate="label" type="text" sortOrder="20" showInDefault="1" showInWebsite="1" showInStore="1">
                    <label>Title of Dropdown Field </label>
                    <comment><![CDATA[Please go to Sales > Refund Request Dropdown Options to create new options for the dropdown.]]></comment>
                    <depends>
                        <field id="enable_dropdown">1</field>
                    </depends>
                </field>
                <field id="enable_option" translate="label" type="select" sortOrder="30" showInDefault="1" showInWebsite="1" showInStore="1">
                    <label>Enable Yes/No Field</label>
                    <source_model>Magento\Config\Model\Config\Source\Yesno</source_model>
                </field>
                <field id="option_title" translate="label" type="text" sortOrder="30" showInDefault="1" showInWebsite="1" showInStore="1">
                    <label> Title of Yes/No Field</label>
                    <depends>
                        <field id="enable_option">1</field>
                    </depends>
                </field>
                <field id="detail_title" translate="label" type="text" sortOrder="40" showInDefault="1" showInWebsite="1" showInStore="1">
                    <label>Title of Refund Reason Field</label>
                    <comment><![CDATA[This is field for customers to state the detailed reason of requesting a refund.]]></comment>
                </field>
            </group>
            <group id="bss_refundrequest_email_config" translate="label" type="text" sortOrder="1" showInDefault="1" showInWebsite="1" showInStore="1">
                <label>Email Configuration</label>
                <field id="admin_email" translate="label" type="text" sortOrder="10" showInDefault="1" showInWebsite="1" showInStore="1">
                    <label>Admin Email</label>
                    <validate>validate-comma-separated-emails</validate>
                    <comment><![CDATA[Comma-separated]]></comment>
                </field>
                <field id="email_sender" translate="label" type="select" sortOrder="15" showInDefault="1" showInWebsite="1" showInStore="1">
                    <label>Email Sender</label>
                    <source_model>Magento\Config\Model\Config\Source\Email\Identity</source_model>
                    <validate>required-entry</validate>
                </field>
                <field id="email_template" translate="label" type="select" sortOrder="20" showInDefault="1" showInWebsite="1" showInStore="1">
                    <label>Notify Email Template</label>
                    <source_model>Magento\Config\Model\Config\Source\Email\Template</source_model>
                </field>
                <field id="accept_email" translate="label" type="select" sortOrder="25" showInDefault="1" showInWebsite="1" showInStore="1">
                    <label>Approve Email Template</label>
                    <source_model>Magento\Config\Model\Config\Source\Email\Template</source_model>
                </field>
                <field id="reject_email" translate="label" type="select" sortOrder="30" showInDefault="1" showInWebsite="1" showInStore="1">
                    <label>Reject Email Template</label>
                    <source_model>Magento\Config\Model\Config\Source\Email\Template</source_model>
                </field>
            </group>
        </section>
    </system>
</config>